,x,y
0,-1038.110275689223,16430.852130325813
1,-1405.5254237288136,16254.384180790961
2,-1623.629411764706,15164.1
3,-1631.767716535433,15346.964566929133
4,-9.6015625,14330.575520833334
5,-674.2685714285715,13923.622142857143
6,-680.3947368421053,13824.05
7,-866.5437788018434,13714.655529953918
8,-1310.3917525773195,13554.827687776142
9,-1583.3294472452287,14984.610550954267
10,-1547.5284552845528,13686.767479674796
11,-1565.8854727132975,13647.906225980016
12,-1578.1433566433566,13603.29020979021
13,-1608.1699604743083,13995.05928853755
14,-1633.8470233609646,14779.176714393368
15,-1613.2156862745098,14191.078431372549
16,-1636.5102040816328,14014.265306122448
17,-6.9696169088507265,12889.735799207398
18,-1213.302919708029,13369.653284671533
19,-1508.3304904051172,13389.383795309168
20,-1602.6114864864865,13317.050675675675
21,-858.625,10686.595588235294
22,-1273.2259615384614,10882.173076923076
23,-1309.639705882353,10630.507352941177
24,-1493.1192052980132,10084.059602649008
25,-531.9895833333334,9924.41015625
26,-541.2695035460993,9830.175886524823
27,-694.915857605178,9714.0
28,-825.8020176544767,9537.03656998739
29,-1436.4748858447488,9755.32191780822
30,-1507.01875,9291.9125
31,-1631.1660231660233,9704.34362934363
32,-504.40230515916573,7868.77607025247
33,-511.66480446927375,7936.687150837989
34,-541.3953068592058,7962.611913357401
35,-925.5432806324111,7968.907312252964
36,-928.7936422413793,7811.596443965517
37,-1260.9927029492246,7308.138948008514
38,-1352.0533333333333,8236.717777777778
39,-1605.2660550458716,6971.284403669725
40,-1631.4824858757063,6995.716384180791
41,-276.3979591836735,5432.9795918367345
42,-380.40904572564614,5152.412524850894
43,-446.7178612059158,5519.448236632537
44,-473.4222222222222,5243.933333333333
45,-485.47549019607845,5604.411764705882
46,-487.34615384615387,5211.865384615385
47,-919.4703947368421,6218.1776315789475
48,-940.4017615176152,6156.840108401084
49,-943.311475409836,6221.836065573771
50,-978.1904487917146,5307.5759493670885
51,-1012.46,5900.8150000000005
52,-1069.6583072100314,6576.359456635319
53,-1067.0421792618629,6069.066783831283
54,-1090.5675675675675,6117.804054054054
55,-1110.4520795660037,6440.722121760096
56,-1129.3729903536978,5599.318327974276
57,-1159.5077685206036,5781.291600990768
58,-1294.650380456548,5249.4793752503
59,-1290.4338983050848,5495.789830508475
60,-1306.2636768447837,6236.094783715012
61,-1357.2270408163265,5469.760204081633
62,-1619.4913614374568,5277.917069799585
63,-1637.7334293948127,5204.374639769452
64,-39.32124352331606,3874.702779086199
65,-368.0615776081425,4804.888549618321
66,-353.30645161290323,4844.096774193548
67,-411.8456490727532,4881.413409415121
68,-441.0445205479452,4821.191780821918
69,-544.5219992960225,3993.87328405491
70,-670.3769633507853,3977.9210919970083
71,-672.9886104783599,4935.244874715262
72,-881.0,3632.3796680497926
73,-1453.013065326633,3890.564824120603
74,-1447.5349417637271,3468.207986688852
75,-1490.0131578947369,3412.622807017544
76,-1555.3793103448277,4436.198275862069
77,-1601.449731389102,4756.023023791251
78,-1639.62,3537.1866666666665
79,-1643.7106382978723,3705.263829787234
80,-847.5169082125603,2069.671497584541
81,-996.3918890074707,2138.9299893276416
82,-1104.0827586206897,2154.5808429118774
83,-1109.6333333333334,1907.51171875
84,-1140.4502923976609,2122.502923976608
85,-1162.6634615384614,2115.875
86,-1174.9649122807018,1957.2719298245615
87,-1313.0101143359718,3312.7255936675465
88,-1613.493815849748,2231.755153458543
89,-704.9261862917399,37.222100175746924
90,-815.4659034345445,772.7814833250374
91,-814.6060606060606,521.3454545454546
92,-864.0141683778234,1104.9652977412732
93,-909.6261345269178,56.03282357329355
94,-909.2103434967194,650.1329602470089
95,-1011.3436034829203,47.764902880107165
96,-1060.0242165242166,442.25071225071224
97,-1061.2777777777778,509.8888888888889
98,-1103.8431085043987,406.84384164222877
99,-1082.7142857142858,38.333333333333336
100,-1095.801282051282,6.621794871794871
101,-1105.557103064067,30.28690807799443
102,-1112.2111269614836,183.4950071326676
103,-1130.6566479877738,947.412633723892
104,-1122.1694915254238,222.78531073446328
105,-1177.1841113366193,304.68976514931865
106,-1140.8541666666667,210.33680555555554
107,-1138.3765432098764,466.2654320987654
108,-1150.012987012987,621.2922077922078
109,-1169.9165154264972,487.95644283121595
110,-1596.035175879397,891.4020100502513
111,-1632.5962732919254,1511.2888198757764
112,1557.2209850107067,1632.03426124197
113,1526.3098901098901,273.05
114,1509.6415094339623,155.46540880503144
115,1403.2220216606497,1473.7924187725632
116,1337.224123182207,1526.203250641574
117,1363.216957605985,1594.852867830424
118,1279.7718299624562,1005.644544023253
119,1228.6668664469084,458.6634202377385
120,1154.054861402772,1373.8553653926922
121,1184.5609726736488,1181.705068014927
122,1168.4842235512476,230.53413074860796
123,1137.3990980834274,1065.5490417136416
124,1187.6059322033898,113.77966101694915
125,1183.683870967742,598.9548387096775
126,1175.3849372384936,968.5062761506276
127,1123.2702270546852,89.99264470738727
128,1056.0244498777506,1579.036674816626
129,1059.1640866873065,122.28792569659443
130,974.9632471346026,1428.238893625083
131,950.6750524109015,1201.4696016771488
132,932.8701298701299,1263.4675324675325
133,879.4961197339246,1294.6258314855877
134,673.7525380710659,1440.1916243654823
135,601.7865562280981,247.3265371137305
136,519.3199999999999,1625.0945454545454
137,456.7677725118483,1537.2796208530806
138,430.28932893289334,1567.3245324532454
139,440.4485981308412,1528.03738317757
140,421.5,1644.576923076923
141,411.67105263157896,1630.8388157894738
142,405.60451977401135,1535.502824858757
143,296.50202546296305,357.50086805555554
144,1675.0174129353234,2167.669154228856
145,1643.3995931952663,2218.9400887573966
146,1592.7335127860026,2526.250336473755
147,1556.9078237410072,1702.8334082733813
148,1580.3959899749373,2712.629072681704
149,1528.6811349908694,2479.763730861076
150,1547.2464788732395,2586.887323943662
151,1533.095975232198,2015.9318885448915
152,1477.6572627652133,1943.9285381207742
153,1486.706901217862,2056.277401894452
154,1501.48125,2941.51875
155,1464.0574448529412,2384.0758272058824
156,1480.4969325153374,2955.6441717791413
157,1382.4116805038648,3002.439879759519
158,1328.6211332312405,2593.980091883614
159,1335.211409395973,2659.0704697986575
160,1306.2377622377621,2730.111888111888
161,1250.5272034820457,2933.7355821545157
162,1075.0034965034965,3131.636363636364
163,1054.0863309352517,3147.9136690647483
164,902.6462585034013,1931.1224489795918
165,819.0474137931035,1802.2241379310344
166,806.9306569343066,1957.609489051095
167,753.5267605633803,1911.1352112676057
168,439.6351880712691,1834.7355629501706
169,506.01449275362324,2159.789855072464
170,473.6917293233082,1690.1127819548872
171,336.81999999999994,2409.925
172,238.81292395573018,1966.6694037843627
173,217.31597975415752,2314.9710773680404
174,189.35563636363645,2439.3300606060607
175,195.32030075187959,2007.4872180451127
176,190.87603305785115,2035.685950413223
177,88.53398058252424,2712.2815533980583
178,59.787560884226195,2791.475084301236
179,38.98895027624303,2873.0994475138123
180,1488.1854490905682,3568.2055128445527
181,1481.871794871795,4254.921911421911
182,1354.93043110139,3558.681154307486
183,1436.7827586206897,3639.148275862069
184,1439.2287581699347,4301.666666666667
185,1227.664406779661,3658.6881355932205
186,1105.897435897436,3825.4102564102564
187,1073.4013157894738,3824.309210526316
188,1007.5633004408986,4168.414024774302
189,917.9437796342289,3916.2418153081962
190,462.4765917602997,4103.008426966292
191,222.95026504521365,4392.242906142813
192,224.77875483644038,4173.178684488216
193,193.43584905660373,4946.4962264150945
194,121.67281105990787,3906.0230414746543
195,37.64556962025313,3889.2708860759494
196,37.305921052631675,4666.651315789473
197,1372.2602459016393,6342.475409836065
198,1357.5875,5744.717708333334
199,1297.7345013477088,6316.056603773584
200,1220.8104242424242,5175.619151515151
201,1175.572864321608,5305.558626465661
202,1163.8864864864863,5284.1621621621625
203,1147.4444444444443,5316.351851851852
204,1146.8708333333334,6313.220833333333
205,1078.92213740458,5559.720610687023
206,993.9473684210526,5137.210526315789
207,975.9472810294728,5703.40597758406
208,965.889552238806,6679.770149253731
209,952.2875536480686,5868.761802575107
210,924.7145790554415,5935.596509240247
211,874.1828390440542,5681.053412035704
212,829.9305607129595,5228.382101745266
213,805.936170212766,6156.836879432624
214,801.992,5275.876
215,792.0674846625767,6179.472392638037
216,726.0456081081081,5405.439189189189
217,676.5120139108442,6392.080461587101
218,632.8458603586416,6257.178405188859
219,685.790909090909,5680.580303030303
220,662.7121820615796,6491.611780455154
221,648.7333333333333,5756.564444444444
222,630.8727272727272,5728.918181818181
223,551.5792141951838,5729.377693282637
224,315.62653562653554,5733.2063882063885
225,306.0631399317406,6680.088737201365
226,253.23684210526312,5351.578947368421
227,226.58883248730967,5542.629441624365
228,215.3109243697479,5459.899159663865
229,105.99896480331267,6564.159420289855
230,961.5858648481092,6747.769993800372
231,722.2531328320802,7365.7593984962405
232,711.8436482084691,7755.661237785016
233,619.6712255296327,7283.608742290158
234,603.1804347826087,7047.747826086957
235,580.581081081081,7030.6621621621625
236,456.84229390681,7552.96146953405
237,415.61165048543694,7540.582524271845
238,388.6536248561565,7556.813578826237
239,1096.0997679814386,8458.65139211137
240,934.4103448275862,8641.406896551724
241,929.9325396825396,8617.761904761905
242,183.50268542767094,12914.820498024768
243,1358.0867678958784,14804.845986984816
244,211.43805309734512,13446.676991150442
245,41.182677165354335,14334.377952755905
246,3256.3525925925924,15990.592592592593
247,3206.0831973898858,16033.539967373572
248,3098.2912621359224,16682.519417475727
249,3031.493638676845,16739.299406276506
250,2981.9411764705883,16706.57843137255
251,2825.686567164179,15658.84328358209
252,2773.793220338983,15554.593220338984
253,2694.752767527675,16703.634686346864
254,2643.1029411764707,16293.45588235294
255,2100.285927029039,16425.494415487716
256,2041.72131147541,16720.936475409835
257,2024.0962343096235,15803.493723849373
258,2023.7416974169741,16736.89298892989
259,1881.3589743589744,15651.666666666666
260,1873.6608187134502,15625.964912280702
261,2915.8,14941.778787878788
262,2192.0593047034763,14636.126789366053
263,2126.7380952380954,13655.224702380952
264,2109.1596638655465,14985.747899159664
265,2080.9203262233377,14869.677540777917
266,2070.8097768331563,14798.648246546227
267,2048.8943396226414,14809.064150943395
268,1885.409691629956,15010.04845814978
269,2270.6785714285716,12658.974489795919
270,1938.6822429906542,12495.096573208722
271,1865.7377049180327,11562.844262295082
272,2737.182320441989,9200.28076343546
273,2726.6973684210525,9347.592105263158
274,2669.2933258553003,9077.830061693774
275,3239.196319018405,7993.719836400818
276,3241.6805555555557,8029.180555555556
277,3216.9419488597096,7266.9861782999305
278,3193.7905882352943,8125.008235294117
279,3167.672,7480.872
280,2847.3002915451893,7778.897959183673
281,2406.141304347826,8089.25
282,2366.0498293515357,8122.54880546075
283,2834.1362116144724,5860.236546062633
284,2473.190476190476,5074.197120708749
285,2451.5031746031746,5165.855555555556
286,1994.0033886818028,5794.955608268384
287,1781.3642925890279,5358.322906641001
288,1797.4489795918366,6027.321428571428
289,2586.7821860741915,4310.532037294188
290,2574.7075471698113,3788.490566037736
291,2570.706140350877,3751.2719298245615
292,2539.6980392156865,4470.2588235294115
293,2517.339832869081,3482.786443825441
294,2487.082444228904,3990.8816682832203
295,2450.5401107482608,4611.664631549056
296,2415.5884955752213,3630.1991150442477
297,2406.156403940887,4395.246305418719
298,2403.0506329113923,4263.721518987342
299,2276.0478675363775,4294.001304565981
300,2173.5225053078557,4491.647983014862
301,2122.2200000000003,3786.48
302,2013.7674658417118,4921.092807424594
303,1991.5466491458608,4747.07358738502
304,3349.427860696517,2606.7213930348257
305,3298.258031221778,2012.1343052509353
306,3271.835294117647,2639.135294117647
307,3100.2296918767506,2432.0385154061623
308,3110.6737400530506,2375.3289124668436
309,3111.3224043715845,2948.136612021858
310,3109.377697841727,3120.320143884892
311,3023.655356605477,2586.554243153777
312,2956.7676767676767,2408.9444444444443
313,2726.550576519916,2125.735150244584
314,2740.276785714286,2926.25
315,2739.4491978609626,2760.8288770053477
316,2725.132751091703,2693.0515283842797
317,2648.5789221938776,1749.4759247448978
318,2592.633530515077,2621.7322175732215
319,2559.785748675975,3285.6668271545495
320,2488.40500083626,2373.6925907342365
321,2520.0070476190476,2105.9742857142855
322,2499.3250688705234,1770.6749311294766
323,2455.383333333333,3115.4
324,2322.8641686182673,2718.3793911007024
325,2216.825665859564,2978.641646489104
326,2152.915513939136,2347.1615237284527
327,2177.397810218978,3037.9014598540143
328,2162.0060790273556,3110.112462006079
329,2100.4898245614036,1849.480701754386
330,2015.8625461254612,2301.9326568265683
331,1918.0578533367166,2293.8647551382896
332,1886.916394208314,2032.1863615133116
333,1843.4963503649635,2744.8236650019207
334,1800.9479553903345,2186.5204460966543
335,1727.456375838926,2330.3825503355706
336,1715.9904458598726,2164.5668789808915
337,3343.203821656051,1356.5
338,3286.4940778341793,1390.8612521150592
339,3259.390648011782,1483.2025036818852
340,3131.120481927711,1001.9692101740294
341,2570.1310211946047,405.1426952283804
342,2494.1442622950817,453.9639344262295
343,2491.529644268775,419.2687747035573
344,2340.6329365079364,309.66507936507935
345,2311.4676258992804,1318.2158273381294
346,2117.6424016176697,1608.5899828900297
347,2156.2640692640693,129.1809523809524
348,2111.2003710575136,1433.0507111935683
349,2111.341804320203,489.3144853875477
350,2046.9274917335852,1081.1823334907888
351,2067.5174718930416,876.3922819811607
352,2035.8024756386621,196.0474058467211
353,2046.0803324099722,806.8947368421053
354,1968.9426845637583,504.8244966442953
355,2032.5412844036698,790.045871559633
356,1975.828010139417,1209.118504435995
357,1874.3274193548386,1462.3274193548386
358,1863.0111111111112,706.7494444444444
359,1849.5449438202247,1536.5861423220974
360,1825.3410852713178,754.5038759689922
361,1760.6843718079674,644.270684371808
362,1732.392380952381,1525.2190476190476
363,4454.396713615023,511.5680751173709
364,4119.581967213115,763.344262295082
365,3994.1391841555374,682.3649495775416
366,4014.7798459563546,1046.0301668806162
367,4026.81,964.08
368,3974.6141304347825,438.73641304347825
369,3955.72311827957,1187.534946236559
370,3946.5408163265306,436.2857142857143
371,3902.066418835192,462.9794299876084
372,3893.8659217877093,1298.782122905028
373,3866.8990228013026,1301.902280130293
374,3786.3439840239644,179.94857713429855
375,3769.978417266187,840.0935251798561
376,3713.76345177665,1385.8741116751269
377,3692.9618435965244,1444.4310540234228
378,3653.427684492733,1243.247918724425
379,3636.384024919346,1065.4394259650685
380,3619.929203539823,315.92035398230087
381,3587.871925360475,372.11959287531806
382,3561.3336878489763,937.0499867056634
383,3527.750566893424,1144.015873015873
384,3457.669871794872,1303.1126508295627
385,3519.4193548387098,474.53548387096777
386,3515.685534591195,1169.6289308176101
387,3454.6560767590618,530.9047974413646
388,3430.993710691824,1607.1446540880504
389,3402.512340425532,666.2034042553191
390,4864.69156626506,3045.486265060241
391,4762.221867321868,3014.629484029484
392,4652.872750642673,2316.9888603256213
393,4613.336419753086,2251.074074074074
394,4606.231686541738,2196.7302668938105
395,4455.403626943005,2490.919170984456
396,3727.2662731871837,1797.679089376054
397,3663.6460625361897,1931.2321945570352
398,3615.2741116751267,2127.258883248731
399,3570.0385561936014,2148.1033634126334
400,3599.1294964028775,2166.2589928057555
401,3594.6491228070176,2191.7368421052633
402,3589.209459459459,2038.7094594594596
403,3574.9467741935487,2222.941935483871
404,3543.78125,2198.734375
405,3517.074324324324,2277.560810810811
406,3430.2376802884614,2344.65625
407,4803.605316973415,3873.2085889570553
408,4656.068627450981,4067.4117647058824
409,4636.207805907173,4291.726793248945
410,4511.473988439307,4207.205202312139
411,4487.02189311011,4407.168061815841
412,4379.067005937235,4363.270144189992
413,4887.536277602524,5924.022082018928
414,4821.553416746872,5874.182868142445
415,4806.89844683393,6334.457586618877
416,4785.501543209876,6024.996913580247
417,4755.24,5884.3872
418,4763.411764705882,6257.0
419,4667.388379204893,6038.079510703364
420,4645.5,6019.217391304348
421,3776.4102189781024,6679.3722627737225
422,4335.560747663551,8225.598130841121
423,4277.316091954023,8224.785440613026
424,4091.584238178634,7070.493169877408
425,4052.220779220779,6950.077922077922
426,4044.5676567656765,7072.858085808581
427,4013.1683804627246,6985.3560411311055
428,3994.3513513513512,7004.918918918919
429,3923.1752895752898,7438.4857142857145
430,3895.3723323170734,6817.293826219512
431,3906.628205128205,6740.168997668998
432,3904.0501792114696,7887.114695340502
433,3903.7551020408164,7267.051020408163
434,5029.683119447187,9406.95853899309
435,4982.956656346749,9839.346749226006
436,4926.281632653061,9858.730612244897
437,4896.056291390729,9863.235099337748
438,4170.474849094568,8715.163648558015
439,3925.090909090909,9072.185799601859
440,5023.956366237482,10527.293991416309
441,5029.699530516432,10964.699530516431
442,4937.23125,11628.54375
443,4828.564685314685,11369.628496503497
444,4835.737288135593,11420.805084745763
445,4792.642201834862,11452.574049803408
446,4059.645569620253,11192.185654008439
447,3957.4289340101523,11222.857233502538
448,4912.372706422018,13260.565366972478
449,4625.502008032128,11957.43373493976
450,4488.387254901961,12509.843137254902
451,3992.776397515528,12715.59704968944
452,3942.847775175644,12192.145199063232
453,3688.8532110091746,12175.02752293578
454,3397.8373493975905,12785.0
455,4670.690058479532,13536.444444444445
456,4590.726213592233,14939.776699029126
457,4462.657718120805,14837.013422818793
458,4450.414414414415,14889.918918918918
459,4910.678571428572,15596.75
460,4848.330434782609,15544.391304347826
461,4811.072649572649,16385.71794871795
462,4753.476510067114,15568.060402684563
463,4687.766853932584,16363.213483146068
464,4658.037356321839,16334.448275862069
465,4635.0084745762715,15879.669491525423
466,4625.989473684211,16079.515789473684
467,4565.314935064935,16170.67857142857
468,4541.622377622378,15962.610722610723
469,4486.41875,16133.24375
470,4473.253634894992,16178.035541195477
471,4444.912751677853,16157.879194630872
472,4207.5,15455.103174603175
473,3842.7029411764706,16101.835294117647
474,6542.97895902547,16170.5138427464
475,6289.3746835443035,16290.754430379748
476,6233.678547854785,16293.391419141914
477,6010.955719557196,16259.824108241082
478,6003.068062827225,15701.387434554974
479,5956.31484257871,15745.512743628185
480,5902.659003831418,16161.455938697318
481,5833.484328358209,16087.173880597014
482,5824.0078125,16018.328125
483,5808.267605633803,15985.377464788733
484,5465.887530562347,15810.924205378973
485,5453.514313919052,16141.67818361303
486,5378.44696969697,16160.878787878788
487,5340.30985915493,16148.176056338029
488,5313.747956403269,16388.197547683925
489,5292.5980861244025,16272.851674641148
490,5287.132575757576,16400.94015151515
491,5282.153179190751,16241.164739884392
492,5272.740484429066,15650.032871972318
493,5276.25462962963,16030.726851851852
494,5239.50998185118,16120.076225045372
495,5206.162420382166,16158.144373673036
496,5197.707692307692,15593.393162393162
497,5187.721621621622,16065.813513513513
498,5084.772,16051.216
499,5078.822222222222,15619.422222222222
500,6631.925683060109,14444.803278688525
501,6461.594112399644,13854.412132024978
502,6431.367292225201,14474.260053619302
503,6431.690476190476,14532.869047619048
504,6411.019197207679,14747.596858638743
505,6312.689320388349,14063.815533980582
506,6289.383089770355,14141.089770354905
507,6232.354838709677,14030.15207373272
508,6074.2035623409665,14303.234096692111
509,6044.268315018315,14206.879578754579
510,6056.319672131148,14815.754098360656
511,5975.482384823848,14033.867208672087
512,5897.150442477876,13723.929203539823
513,5493.356434514989,14148.889889433489
514,5502.196347031963,14714.990867579909
515,6586.161847014925,12891.658582089553
516,6457.97380952381,13096.77738095238
517,6271.130434782609,13400.760869565218
518,6248.222910216718,12086.946336429308
519,6089.15306122449,11766.877551020409
520,6037.188679245283,13385.292452830188
521,6000.83038869258,12599.067137809187
522,6005.182795698925,12571.021505376344
523,5867.588692579506,11864.335335689046
524,5712.04207920792,12342.368811881188
525,5678.174496644295,12072.644295302014
526,5673.689119170985,12307.39378238342
527,5647.11385199241,12087.462998102466
528,5590.138613861386,11988.958415841584
529,6664.71914893617,10852.770212765958
530,6608.694029850746,10844.283582089553
531,6541.603756708408,11321.951699463327
532,6493.852750809061,11717.296116504855
533,6304.307814485388,11450.323697585769
534,6298.531400966183,11496.574879227053
535,6033.501408450704,10904.14647887324
536,5871.608391608392,10199.363636363636
537,5684.892030848329,10746.798914595829
538,5584.599236641221,10528.119592875319
539,6652.845255474453,8715.992700729927
540,6534.074380165289,8777.161157024793
541,6471.645104895105,9171.573426573426
542,6456.31178396072,9034.578559738135
543,6109.617993676344,8447.369790169589
544,6053.496183206107,8774.801526717558
545,5849.872570194384,8876.995680345572
546,5764.937101690219,8924.178719866999
547,5638.395833333333,8958.169642857143
548,5099.563045202221,9401.149616706318
549,5112.208571428571,9486.225714285714
550,6439.7056840077075,7891.268304431599
551,6373.1875,7847.849264705883
552,6346.876543209876,8133.382716049383
553,6298.868398268398,8055.9116883116885
554,6278.475982532751,8089.318777292577
555,6224.448844884489,8086.709570957096
556,6158.571547305721,8149.2522510042945
557,6218.1439688715955,8045.003891050584
558,6215.74613003096,7918.300309597524
559,6135.0344967532465,7855.594967532467
560,6124.07326007326,8350.249084249084
561,6057.205882352941,7770.423529411764
562,5405.956286427977,7872.244379683597
563,5345.532423208191,7620.161547212741
564,5356.160241874528,7829.931972789116
565,5345.443877551021,7705.4795918367345
566,5334.801369863014,7671.438356164384
567,5305.362478286045,7331.834973943254
568,6380.032015632046,5330.29700886818
569,6304.684684684685,5466.27027027027
570,6288.290155440414,5202.60103626943
571,5722.491452991453,6431.451566951567
572,5466.612237998648,6540.372041920216
573,6577.318666666667,4641.5053333333335
574,6582.141732283465,3971.433070866142
575,6572.554794520548,3847.917808219178
576,6546.918359668924,4493.882994732881
577,6512.646288209607,4685.730131004367
578,6507.87906504065,4902.556910569106
579,6497.299363057325,4347.414012738854
580,6407.423590504451,4789.719584569733
581,6396.057305110997,4180.40784718637
582,6386.19153674833,4761.592427616926
583,6299.115527950311,3456.136645962733
584,5882.643761301989,4424.397830018083
585,5851.831578947368,4186.715789473685
586,5302.262553802008,4009.0301291248206
587,6335.769784172662,2152.5791366906474
588,6330.723849372385,1922.9832635983264
589,6284.030837004405,1899.6519823788547
590,6186.336694432266,1955.3599298553265
591,6004.526315789473,2760.4375
592,5966.407692307692,1862.2923076923078
593,5880.830097087379,1970.9563106796118
594,5678.7441860465115,2835.505561172902
595,5563.803278688525,2412.327868852459
596,6530.496969696969,1489.0424242424242
597,6227.482191285482,528.4263846200205
598,6273.5,1595.247311827957
599,5796.162364130435,676.9668817934783
600,5762.5127551020405,328.4005102040816
601,5624.3525179856115,547.2014388489208
602,5452.798076923077,257.25
603,5386.035353535353,290.3939393939394
604,5245.016208597604,1030.4538407329105
605,8310.578947368422,205.57085020242914
606,8218.855172413792,55.234482758620686
607,8118.887348353553,424.11958405545926
608,8069.578220858895,369.83895705521473
609,8064.815950920245,250.56441717791412
610,8059.167346938775,304.61632653061224
611,8022.518878101402,322.88349514563106
612,8027.442857142857,285.65714285714284
613,7950.272727272727,600.7202797202797
614,7707.054545454545,793.1818181818181
615,7579.063636363637,1400.5878787878787
616,7558.362540716613,198.30912052117264
617,7564.483050847458,1643.2245762711864
618,7475.340909090909,1205.2348484848485
619,7376.8170299037,1582.6416624429803
620,7361.970588235294,1513.0
621,7345.575360419397,1617.6461336828309
622,7318.209386281588,1449.6859205776173
623,7236.457364341085,730.6996124031008
624,7239.174904942965,1567.0057034220533
625,7076.368,296.016
626,6952.224390243902,633.8780487804878
627,6928.580901856763,734.3793103448276
628,6899.995633187773,430.2394468704512
629,8350.072829131652,1866.6176470588234
630,8112.89138576779,1874.8258426966293
631,8049.985865724381,1862.7773851590107
632,7931.101967799642,1814.479427549195
633,7924.38202247191,1761.0056179775281
634,7246.277777777777,3264.115740740741
635,7081.816232771822,1999.0076569678408
636,8381.169491525423,4718.251412429378
637,8357.281124497991,4712.160642570281
638,8221.657142857142,4354.578571428571
639,8213.68932038835,5004.174757281553
640,7979.184101536406,4608.08679581385
641,7552.348323793949,4989.613246116108
642,7538.654676258993,4143.007194244605
643,7471.415040183697,4078.54822043628
644,7353.571428571428,4743.756613756614
645,7220.894736842105,4757.861814109742
646,7221.851042196238,3933.851042196238
647,7203.573566084788,4606.835411471322
648,7199.773722627737,4843.058394160584
649,7085.8,3816.3
650,6903.833839918946,4185.499493414387
651,6894.014209591474,4886.7868561278865
652,6841.980743691899,4967.597609561753
653,8397.129032258064,5095.790322580645
654,8396.317460317461,6677.132275132275
655,8312.883561643835,5117.671232876713
656,8286.565502183406,5113.240174672489
657,8239.15737704918,6490.53606557377
658,8230.853974121996,6111.704251386322
659,8192.337311883757,6498.0716139076285
660,8175.055500982318,6123.688605108055
661,8158.136170212766,6559.076595744681
662,8073.748865355522,5576.204236006051
663,8019.301700208189,6076.261103400417
664,7945.731312075274,5703.296915838996
665,7937.890872210954,5866.136511156186
666,7934.794072560041,5255.167603474706
667,7847.429057888763,5386.5981838819525
668,7764.625,5780.655
669,7752.89932885906,5817.375838926175
670,7714.937178754997,5220.471730439749
671,7653.546819156541,5847.344293543007
672,8386.862626262626,7212.581818181819
673,8341.992805755395,7717.6474820143885
674,8317.623039806997,7751.193003618818
675,8342.823076923078,7752.446153846154
676,8323.853020739405,7341.61045987376
677,8283.142377935148,7074.932910920611
678,8212.395939086295,8071.558375634518
679,8210.66386554622,7892.9327731092435
680,8152.549450549451,7376.74358974359
681,8153.541082164329,7983.639278557114
682,8152.348470806302,8048.847080630213
683,8137.451612903225,8185.096774193548
684,8090.530018036588,7969.985055398093
685,8084.1779188305445,7859.024427774572
686,8094.261538461538,6991.387692307692
687,8081.495454545455,7012.965909090909
688,7963.490842490843,7713.022893772893
689,7947.363864491845,7594.885821831869
690,7920.793577981652,8193.444537114261
691,7907.181025081789,7524.832606324972
692,7905.877470355731,7645.03557312253
693,7902.0,7357.22429906542
694,7884.9354561101545,7884.899311531842
695,7852.265772374764,7987.948438482498
696,7880.478787878788,6944.387878787878
697,7786.006403415155,7769.229099964426
698,7791.836065573771,7971.754098360656
699,7785.508670520231,8225.78612716763
700,7737.023894255211,7681.54245043213
701,7730.8678733031675,8267.724585218702
702,7717.06015037594,7824.962406015038
703,7690.369774919614,7657.88424437299
704,7532.920909090909,8340.631515151515
705,7539.159821428571,7832.003571428571
706,7437.96347826087,8189.207391304348
707,7217.624516129032,8283.00129032258
708,7179.020779220779,8363.792207792209
709,7078.959888800635,8207.781572676728
710,7005.011041009464,8363.548895899054
711,8388.665753424657,8552.395890410959
712,8352.228682170542,8474.170542635658
713,7853.791878172588,9038.41116751269
714,7835.836691410393,8884.608695652174
715,7552.225452550741,8861.556226001097
716,7426.227712137486,8880.220193340494
717,7132.296213808463,8405.53452115813
718,7030.961685823755,8403.934865900383
719,7018.132394366197,8432.03661971831
720,6992.186781609195,8404.632183908046
721,6905.424778761062,8531.070796460177
722,6878.471661237785,9435.512377850162
723,8348.547455295737,10390.14030261348
724,8328.671949286847,10299.270206022187
725,8310.071578066136,11552.09041439933
726,8312.22,10351.51
727,8266.324503311258,11500.59105960265
728,8229.753018660813,10491.020856201976
729,8214.6797752809,10455.82584269663
730,8190.401159980667,10595.783953600774
731,8211.612716763006,10762.797687861272
732,8197.454212454213,10752.644688644688
733,8151.248896247241,11606.346854304637
734,8121.252572268496,10783.15678588927
735,8103.908913467794,10652.389069616136
736,8078.652830188679,11514.68679245283
737,7829.112683723462,11663.81654872074
738,7774.475728155339,11123.177993527508
739,7657.340599455041,10969.200726612171
740,7460.104863900045,11165.102632753235
741,7374.728476821192,11643.124172185431
742,7169.0585562847045,11616.808177688035
743,7137.558348294435,11704.660682226211
744,7054.909722222223,10652.357638888889
745,6890.856019358742,11633.526315789473
746,8276.208570572371,11884.38028169014
747,8194.992337164751,13276.716475095785
748,8161.519704433497,12158.48275862069
749,8138.777877697842,12132.361510791367
750,8103.929853181076,11788.641109298533
751,8080.3117647058825,11869.005882352942
752,8076.608695652174,13253.273913043478
753,8036.021181716834,12139.72463768116
754,8033.139059304704,13206.997955010225
755,8018.261380323054,12288.801762114537
756,7977.535519125683,12272.518518518518
757,7971.424190800682,12220.609880749575
758,7946.467333333333,12908.719333333333
759,7914.193684210526,12370.823157894736
760,7888.50909090909,13243.298701298701
761,7834.426983324912,12419.92698332491
762,7595.634782608696,13185.591304347827
763,7542.770731707317,12387.136585365854
764,7505.858757062147,13323.588512241055
765,7419.552036199095,13260.262443438914
766,7294.803179409539,12697.124148372444
767,7080.698113207547,12211.17610062893
768,6961.047846889952,13323.732057416268
769,6823.111111111111,13212.488888888889
770,8115.789498359119,13976.096108766995
771,7208.318480300188,14337.175422138836
772,7147.26,14325.253333333334
773,7056.28182294395,14311.679937139863
774,7014.074276122535,13933.975451112045
775,7028.7797619047615,13860.422619047618
776,6877.357357357358,14196.24924924925
777,6832.739534883721,13690.986046511627
778,6769.719008264463,13638.640495867769
779,8395.055555555555,16614.81623931624
780,8247.190924657534,16315.04109589041
781,8136.42201215395,16290.573936529372
782,8075.004405286343,16605.746696035243
783,8062.217582417583,16239.094505494506
784,8002.396398681207,16205.459041339082
785,7657.618625277162,16139.10310421286
786,7621.242307692308,16177.784615384615
787,7511.042889390519,16572.909706546274
788,7497.52205882353,16533.58088235294
789,7418.791925465838,16637.521739130436
790,7418.268292682927,16710.58943089431
791,7374.651218674906,15835.994850669413
792,7379.508955223881,16714.18905472637
793,7172.237885462555,15316.735682819382
794,7125.310917030568,16562.589519650654
795,7107.465483234714,15839.808678500985
796,7000.140161725068,16370.32075471698
797,6928.881732012063,16444.471563981042
798,10049.70634920635,16574.73015873016
799,9963.171793658306,16626.270074144188
800,9967.768903993203,16391.26720475786
801,9914.442857142858,16554.192857142858
802,9906.37062937063,16572.447552447553
803,9878.63350253807,16580.2730964467
804,9894.35294117647,16658.0
805,9811.04247104247,16505.135135135137
806,9795.358865710561,16556.468709256846
807,9687.273703041144,16516.66815742397
808,9567.711107701749,16542.26173672906
809,9440.918804091267,16465.76129032258
810,9434.687338501291,16741.40568475452
811,9400.031914893618,16754.840425531915
812,9204.344236760124,16454.83956386293
813,9130.756070941337,16728.491405184173
814,8831.241477272728,16346.860795454546
815,8818.56862745098,16396.313725490196
816,8784.429181929181,16484.836385836385
817,8568.401824607545,16437.184679871785
818,8588.037800687285,16341.948453608247
819,8574.072033898305,16319.088983050848
820,10071.040650406505,14946.512195121952
821,9920.006799531067,14870.444314185228
822,9772.79721362229,14522.982972136222
823,9757.5,13830.200833333332
824,9654.985099337748,13645.324503311258
825,9612.23489932886,14313.73154362416
826,9566.50892857143,14291.589285714286
827,9328.056022408964,13554.619047619048
828,9302.139240506329,14124.32911392405
829,9192.215104517869,13626.832771409305
830,9088.07743547044,14013.614487926729
831,9048.144112478032,14131.891036906854
832,9015.404958677685,14092.239669421488
833,9001.67088607595,14624.867088607594
834,8962.377777777778,14090.644444444444
835,8933.688685415304,14508.919555264878
836,8858.324242424242,14418.70303030303
837,9968.192842942346,13228.20477137177
838,9696.927056088347,13106.516419645452
839,9643.615306980657,12999.733052985703
840,9530.730884109917,12500.046296296296
841,9551.35754189944,12944.737430167597
842,9446.23815883191,12848.875445156695
843,9527.35873015873,13000.425396825396
844,9523.10465116279,12917.5
845,9497.13023255814,12960.851162790697
846,9438.303955586398,12449.866759195003
847,9351.532520325203,12487.963414634147
848,9315.354740061162,12509.51987767584
849,9302.017094017094,12799.994301994302
850,9257.817369549679,12464.315582558971
851,9211.542515811665,12673.220660576248
852,9179.977157360407,13211.959390862945
853,9138.18059125964,12403.778277634961
854,9033.685483870968,12848.635080645161
855,8944.20218579235,12768.497267759563
856,8847.12865497076,12658.602339181287
857,8595.421052631578,11925.394736842105
858,8591.537313432837,12805.741293532337
859,8577.550561797752,12782.862921348315
860,8550.755208333334,11956.4375
861,8505.645739910315,11785.632286995517
862,8504.779310344828,11803.275862068966
863,8495.891791044776,11827.940298507463
864,10043.817396002161,10952.586169638034
865,10023.128514056225,10289.726907630522
866,9842.276497695853,10674.63287250384
867,9835.104938271605,10765.376543209877
868,9773.00625,10859.401875
869,9792.095238095239,10895.390476190476
870,9775.368421052632,10715.263157894737
871,9743.5,11074.630718954248
872,9729.732142857143,11100.514285714286
873,9728.087804878049,11145.814634146342
874,9715.485165794067,11178.607329842933
875,9275.752690802348,10881.50415851272
876,9261.898936170213,10788.308510638299
877,9262.716981132075,10963.948113207547
878,9250.492569002123,11005.783439490446
879,9187.603641009262,11113.377515170872
880,9121.559241706162,11066.232227488152
881,8946.845353159852,11596.514869888477
882,8839.372469635628,11671.793522267206
883,8809.67933130699,11683.11246200608
884,8712.393162393162,11606.367521367521
885,8696.295660036167,11646.65280289331
886,8709.108108108108,11625.432432432433
887,8611.889081455805,11634.528596187174
888,8443.0671875,10147.83125
889,8436.285714285714,11634.468253968254
890,8435.62886597938,11671.690721649484
891,10069.077481840193,8428.297820823245
892,10073.87725631769,9646.353790613719
893,10026.7732528909,8715.983911513324
894,10020.590759075907,9763.046204620463
895,9981.847133757961,9801.815286624204
896,9917.236697247707,9133.218348623854
897,9903.165594855305,9792.04501607717
898,9897.709401709402,9013.48717948718
899,9817.84090909091,9183.693181818182
900,9815.2,9231.17894736842
901,9807.651515151516,9249.636363636364
902,9804.896,9264.848
903,9800.007168458782,9302.021505376344
904,9611.120617110799,9134.433380084152
905,9624.908503767492,8829.636167922497
906,9561.734518189392,8429.867259094695
907,9538.048687350834,9300.5446300716
908,9472.601639344262,8593.30655737705
909,9396.250623960066,9495.943011647254
910,9348.064838435374,8961.31781462585
911,9270.691183404055,9288.971239981141
912,9236.29946192053,9045.614859271524
913,9227.7675,8922.6275
914,9215.432594936708,8827.773734177215
915,9166.277363672029,8873.749705766968
916,9118.718844221106,9479.492713567839
917,9114.928624260356,9110.927144970414
918,9113.132530120482,8505.31626506024
919,9108.5,9246.915094339623
920,9078.631970260223,8784.795539033457
921,9061.55,8846.18857142857
922,9033.258458646616,9102.55780075188
923,9003.569726093225,9576.213262854397
924,9012.791388624086,9218.053384175406
925,9007.825242718447,9018.271844660194
926,8992.813581890812,8927.897470039947
927,8968.07182320442,8691.289134438306
928,8971.239884393064,9316.800578034683
929,8955.054545454546,9457.513636363636
930,8936.121428571429,9195.735714285714
931,8946.661290322581,8925.217741935485
932,8865.313971742544,9322.059654631083
933,8772.147581441264,9188.57058242843
934,8751.416988416988,8473.938223938225
935,8744.677914110429,8511.604294478528
936,8721.159977703455,8839.752508361204
937,8726.202044025158,9277.99213836478
938,8695.018577254192,8916.504304485727
939,8685.700787401574,9706.651293588302
940,8673.974789915967,9741.621848739496
941,8637.859135285913,8589.975360297536
942,8640.729468599035,8881.68115942029
943,8477.453390975412,8621.820859227237
944,8439.142105263158,9382.068421052632
945,10070.077747989277,7247.2815013404825
946,10066.608635097493,7364.045961002786
947,10072.654185022026,7427.0682819383255
948,10016.868215216877,7911.991941218298
949,10031.812854442343,7755.633270321361
950,10011.17596319724,8301.617596319724
951,10009.174825174825,7815.475524475524
952,9963.090186730235,7191.4672228843865
953,9978.991708126037,7986.961857379768
954,9960.501275510203,8148.625
955,9964.59509202454,8104.40490797546
956,9948.853092783505,7378.5360824742265
957,9906.464808860308,7228.2197213290465
958,9824.38028169014,7933.070422535211
959,9790.548989113531,7015.816485225506
960,9742.912280701754,7403.7192982456145
961,9740.578947368422,7732.7672064777325
962,9657.971818181819,7827.098181818182
963,9628.851819184123,8149.559206174201
964,9629.144144144144,7168.8378378378375
965,9587.622047244095,8113.818897637795
966,9565.951515151515,7974.036363636364
967,9548.318007662836,8360.60153256705
968,9448.208635996773,6756.054075867635
969,9460.83888888889,7626.769444444444
970,9429.060238681568,7891.525099450653
971,9444.857954545454,7653.767045454546
972,9426.687074829932,7593.377551020409
973,9424.133162612035,7625.991037131882
974,9392.886683738796,8248.162612035852
975,9412.18,7521.36
976,9407.154811715482,8334.627615062762
977,9402.934959349594,7686.747967479675
978,9394.511363636364,6724.715909090909
979,9375.586805555555,7494.291087962963
980,9376.208791208792,7136.8663003663005
981,9369.9296875,7177.453125
982,9356.379923761118,7565.824650571792
983,9333.41304347826,7501.413043478261
984,9317.349295774648,7427.521126760564
985,9302.9258400927,6965.767091541135
986,9266.422195121952,7792.185365853658
987,9258.095238095239,7299.238095238095
988,9197.09726443769,7266.314589665653
989,9174.407923697725,7170.066764490095
990,9164.864038616251,7966.963797264682
991,9137.810019701661,8224.607936954686
992,9126.530991735537,8159.857438016529
993,9093.916666666666,8334.833333333334
994,9082.377049180328,7978.056631892698
995,9057.076923076924,7928.785953177257
996,9003.423354037266,8274.856397515528
997,9049.09420289855,8258.777777777777
998,8962.258064516129,7600.829593267882
999,8943.07392996109,7089.704280155642
1000,8912.818181818182,7014.9598021026595
1001,8916.772413793104,7679.627586206897
1002,8892.224471830987,7688.37323943662
1003,8909.056910569107,7712.0
1004,8868.429577464789,7532.922535211268
1005,8767.504710632571,7478.935397039031
1006,8779.64705882353,8129.133333333333
1007,8727.744186046511,7456.826873385013
1008,8706.894273127753,6744.048458149779
1009,8683.599423631123,7949.769452449567
1010,8669.176799440951,7450.03284416492
1011,8618.910384370354,8075.543002760671
1012,8655.60103626943,7767.937823834197
1013,8605.47054054054,7401.423783783784
1014,8579.690287972897,7173.071710897798
1015,8535.77738515901,7649.049469964664
1016,8525.31212121212,6808.527272727273
1017,8482.220729853016,8346.93588443994
1018,8491.925806451613,6976.61935483871
1019,8488.283185840708,6929.682890855457
1020,8472.229329173168,8094.145085803432
1021,8469.410714285714,8022.955357142857
1022,8447.823943661971,8029.556338028169
1023,10042.992773763202,6013.123957754308
1024,9720.96822742475,6244.765886287625
1025,9680.315452361889,6393.221777421937
1026,9596.085561497326,6222.217468805704
1027,9545.407568807339,5982.094724770643
1028,9513.602230954493,6329.933451641526
1029,9457.046493506494,5142.548571428571
1030,9411.823917137477,6190.678907721281
1031,9371.556063028089,6648.07239095684
1032,9353.167637540453,6003.557281553398
1033,9335.32641509434,6470.598113207547
1034,9216.68461718567,6016.22711308827
1035,9106.014598540147,6133.963503649635
1036,9093.818181818182,6126.863636363636
1037,8952.53550295858,6369.92899408284
1038,8868.029442089586,6291.343796540268
1039,8735.865838509317,5679.662111801243
1040,8747.648148148148,5585.962962962963
1041,8733.609077598829,5609.247437774524
1042,8732.373762376237,5567.799504950495
1043,8520.855018587361,6118.345724907063
1044,8457.70495333812,5097.894831299354
1045,9961.915074309978,4859.636942675159
1046,9923.995683453237,3489.7131894484414
1047,9915.163636363637,4690.209090909091
1048,9907.29151291513,4093.354243542435
1049,9902.947141316074,4828.738942826321
1050,9887.961165048544,4113.533980582524
1051,9859.129770992366,4104.763358778626
1052,9703.874409044192,4880.307913669065
1053,9678.446700507615,4571.814720812183
1054,9648.733333333334,3614.948148148148
1055,9642.236363636364,3736.7909090909093
1056,9592.978478896783,4167.23318010865
1057,9508.51990376203,4017.604768153981
1058,9490.249302325581,4198.62976744186
1059,9443.312289304322,4276.893043211769
1060,9424.616509028376,4154.451418744626
1061,9412.324304803178,4367.555074033948
1062,9422.850917431193,3795.0756880733943
1063,9411.654761904761,4423.007142857143
1064,9388.442265795207,4235.272331154684
1065,9347.22077922078,4153.450216450216
1066,9279.60761589404,3971.4149608669477
1067,9264.901320132014,4436.867986798679
1068,9285.291358024691,3582.4444444444443
1069,8873.5,4132.218847352025
1070,8744.340206185567,4594.139175257732
1071,8739.245022970903,4623.271056661562
1072,8739.280112044818,3930.4733893557423
1073,8717.98181818182,4560.015584415584
1074,10053.569166278528,2206.2044713553796
1075,10021.722772277228,2289.552475247525
1076,9988.513068731849,2358.377863827041
1077,9856.499346832135,2768.750163291966
1078,9782.442238267147,3117.3916967509026
1079,9725.449159327462,3065.7670136108886
1080,9686.467741935483,3152.6532258064517
1081,9631.191176470587,3271.6286764705883
1082,9269.342579750346,2029.9500693481277
1083,8664.84106258442,1976.232327780279
1084,9295.96859929268,752.4660808059158
1085,9192.255427251732,641.3387990762125
1086,9108.784101599247,670.3490122295391
1087,8939.475470015095,627.5056607657472
1088,9035.716886377904,584.5213433772756
1089,9033.686274509804,110.76960784313725
1090,8956.901900962215,348.9016662755222
1091,8853.086999022482,336.72727272727275
1092,8800.088600118133,628.2531010041347
1093,8614.526585329117,668.9245368278355
1094,8538.694444444445,770.1388888888889
1095,11152.833333333334,1479.0253623188405
1096,11122.602298850576,1359.2026819923371
1097,11103.743142144638,1584.1920199501246
1098,11080.395324123274,1173.3336875664188
1099,10926.903370786516,1438.3674157303371
1100,10927.142045454546,1639.747159090909
1101,10904.986725663717,736.9778761061947
1102,10890.861963190184,768.4907975460122
1103,10871.904841402336,707.8347245409014
1104,10777.2375,231.775
1105,10596.279513524849,121.73306772908367
1106,10620.378478664194,1008.1335807050093
1107,10574.961832061068,854.7726887192536
1108,10537.551873489121,1005.7731668009669
1109,10537.868127962085,654.5951421800947
1110,10503.34331797235,1138.9516129032259
1111,10482.934489402698,1189.552986512524
1112,10455.707892595607,1315.20016273393
1113,10422.099110546378,1477.7954256670903
1114,10379.596291831698,1224.1625624246599
1115,10418.097744360903,1542.8195488721803
1116,10380.97347383721,1599.0708575581396
1117,10359.486780941314,939.1316095293435
1118,10328.118187787262,1534.5850295469468
1119,11723.770531400965,2629.5893719806763
1120,11713.240566037735,2602.438679245283
1121,11550.33613445378,2511.0504201680674
1122,11547.103174603175,2377.253968253968
1123,11540.505952380952,2632.625
1124,11502.927056196502,2185.961667286937
1125,11512.917012448133,2462.6721991701243
1126,11486.584905660377,2319.1603773584907
1127,11467.417236662106,2315.9712722298223
1128,11453.428125,2353.9
1129,11432.421727972625,1867.8999144568006
1130,11425.259325044404,2247.6367673179398
1131,11410.683246073299,2018.3115183246073
1132,11393.792582417582,2072.9249084249086
1133,11367.643617021276,2154.6693262411345
1134,11293.702127659575,1860.9308510638298
1135,11251.28258464262,2343.696171719407
1136,11206.81,2427.17
1137,11132.07643312102,2223.3665315576145
1138,11131.32679738562,2060.5065359477126
1139,11119.983020554066,1876.9088471849866
1140,11116.357774968394,2013.3046776232618
1141,11110.754422476586,2710.5078043704475
1142,11104.5,2203.0
1143,11062.837301587302,1965.9007936507937
1144,11035.611570247935,2194.3284036537625
1145,11035.650485436894,2246.0533980582522
1146,10995.755573248407,3095.250796178344
1147,10896.888193456614,1973.8897581792319
1148,10923.408839779006,1684.4254143646408
1149,10912.888268156425,1828.3743016759777
1150,10907.694063926941,2943.689497716895
1151,10900.113636363636,1717.3522727272727
1152,10889.356828193833,1832.431718061674
1153,10876.077844311378,1737.9880239520958
1154,10811.437013996889,2966.167962674961
1155,10804.00333148251,2461.41254858412
1156,10752.825327510916,2354.9694323144104
1157,10741.55012224939,2508.7463325183376
1158,10735.198515769944,2923.996289424861
1159,10689.18741588156,2236.2806191117093
1160,10676.0,2843.9931506849316
1161,10596.427672955975,2301.3396226415093
1162,10500.766974015089,1899.0905280804693
1163,10451.789355742298,2122.066106442577
1164,10371.582678232584,2576.8261046354028
1165,10145.631187592946,2002.2470788187807
1166,11471.561553653719,4940.17116524029
1167,11387.424836601307,4786.411764705883
1168,11227.727476038339,4123.273801916933
1169,10946.726401869159,3791.98148364486
1170,10946.74134119381,4235.423728813559
1171,10877.401197604791,4129.233532934131
1172,10870.60641399417,4075.795918367347
1173,10864.699619771864,4041.574144486692
1174,10847.2796875,4383.9390625
1175,10849.582857142857,3998.5542857142855
1176,10817.15695952616,3932.811451135242
1177,10735.775705645161,3596.451108870968
1178,10739.446601941747,3554.883495145631
1179,10402.110565110564,3733.191646191646
1180,10374.959183673469,3812.9115646258506
1181,10350.985074626866,3804.0805970149254
1182,10348.595307917889,3612.826979472141
1183,10337.53638814016,3653.22371967655
1184,10318.64533820841,3906.073126142596
1185,10303.695945945947,3993.074324324324
1186,10262.087336244542,4155.755458515284
1187,11599.831241283124,5556.889818688982
1188,11544.34306049822,5225.518861209965
1189,11328.637985822537,6316.762405279883
1190,11167.637496107132,5608.034257240735
1191,11056.759433962265,6303.482311320755
1192,11039.521172638437,6443.4201954397395
1193,10490.330357142857,6680.160714285714
1194,10468.627551020409,6661.341836734694
1195,10440.51839708561,6608.372677595628
1196,10210.217096336499,6498.997286295794
1197,10167.851969336505,6410.206185567011
1198,11685.900235136043,8058.72556264696
1199,11511.595111583421,8288.345377258236
1200,11427.019278019277,7278.8068418068415
1201,11362.344594594595,7994.790540540541
1202,11051.00081300813,7727.9292682926825
1203,11040.136752136752,7637.51282051282
1204,11018.102150537634,7631.629032258064
1205,11005.412162162162,7592.891891891892
1206,10959.104298356511,7490.421618204804
1207,10962.546448087433,7629.513661202186
1208,10938.680713128038,7777.568881685575
1209,10782.995535714286,7200.651785714285
1210,10718.954113038611,8013.3659764969225
1211,10699.527906259636,6980.603145235893
1212,10596.078838174273,7542.017289073306
1213,10534.952727272728,7842.996363636364
1214,10467.890681003584,6973.2553763440865
1215,10405.617346938776,7687.988095238095
1216,10363.783836798744,7208.348371910553
1217,10371.911717495987,7735.5345104333865
1218,10276.893153526971,7200.06898340249
1219,10174.92003762935,7922.052304797742
1220,10164.643109540637,7081.328180212015
1221,10164.976744186046,7251.737984496124
1222,10141.857894736842,7486.7052631578945
1223,10134.603773584906,6993.384905660378
1224,10135.32142857143,7292.803571428572
1225,10122.235099337748,7310.579470198675
1226,10119.231671554253,7241.2521994134895
1227,10119.004504504504,7542.833333333333
1228,11755.891891891892,9291.297297297297
1229,11754.08875739645,9307.171597633136
1230,11689.049586776859,8698.012396694216
1231,11684.97833935018,8522.38989169675
1232,11659.554119547658,9713.639741518578
1233,11640.394594594594,8431.894594594594
1234,11575.339382940108,8514.996370235935
1235,11537.766990291262,8870.796116504855
1236,11535.288343558283,9509.650306748466
1237,11526.14880952381,9600.172619047618
1238,11520.171052631578,9952.811403508771
1239,11504.235795454546,9978.309659090908
1240,11424.236499068902,9937.148975791433
1241,11426.46062992126,9823.0
1242,11390.444162436548,9246.087563451776
1243,11333.963636363636,9218.2
1244,11228.33536121673,9725.03041825095
1245,11162.780303030304,8960.646464646465
1246,11105.13967782959,9986.964815599831
1247,11131.410296411857,9561.351014040561
1248,11095.00274273176,9650.913329676358
1249,11068.013333333332,9172.686666666666
1250,11037.471204188481,9291.577661431065
1251,10962.876068376068,9646.28205128205
1252,10923.20814732143,9020.869419642857
1253,10921.976377952757,9592.377952755905
1254,10868.475356978352,9907.977429755872
1255,10686.076923076924,9190.853846153846
1256,10566.958743771005,9514.629736933595
1257,10612.583403185246,9738.803017602682
1258,10543.048780487805,9402.323170731708
1259,10537.752100840336,9420.512605042017
1260,10524.116883116883,9403.14935064935
1261,10412.324324324325,9277.765765765766
1262,10349.847630473905,8575.908818236352
1263,10219.609638554217,9911.727710843374
1264,11746.449953227315,10367.544434050515
1265,11626.552558139534,10365.238139534884
1266,11608.311118905647,10713.274289722904
1267,11597.951754385966,10772.290935672514
1268,11581.363302752294,10424.364525993884
1269,11555.724615384615,10596.796923076923
1270,11512.881313131313,10473.280303030304
1271,11386.108719525588,10931.687239182957
1272,11418.274285714286,11049.682285714285
1273,11332.908893709327,11221.731019522776
1274,11247.357308584687,10750.69373549884
1275,11222.352247605011,10470.260869565218
1276,11198.934993084371,10750.280774550483
1277,11156.899679340357,11162.90013742556
1278,11176.621457489879,10174.208502024292
1279,11155.91564335291,10717.688734650294
1280,11166.16,10146.62
1281,11149.135317997294,10111.304465493911
1282,11131.185310734463,11013.45649717514
1283,11101.246933505487,10224.765009683666
1284,11112.89079229122,11720.935760171305
1285,11084.09102844639,11512.767177242888
1286,11058.036723163841,10105.214689265536
1287,11019.44466800805,10286.703219315896
1288,11016.309895833334,10316.973958333334
1289,11022.343971631206,11541.719858156028
1290,10950.531845400108,11131.295264017419
1291,10971.819672131147,10303.16393442623
1292,10928.885960193653,10716.239376008607
1293,10910.021978021978,10774.945054945056
1294,10817.579041289766,11262.638729924312
1295,10889.991119005328,11521.834813499112
1296,10847.414581066376,10658.902067464636
1297,10788.122950819672,11398.688524590165
1298,10705.888888888889,11320.845679012345
1299,10580.778091872791,10517.96890459364
1300,10478.169790993321,11069.56862745098
1301,10326.554696310617,11187.49943612051
1302,10280.056718061674,10589.876651982378
1303,10170.12479270315,11349.5907960199
1304,10204.851002865329,11266.974212034384
1305,10194.940170940172,10640.511752136752
1306,10172.144504748983,10175.408412483039
1307,10144.517571884984,10887.600638977636
1308,10137.659459459459,11137.618918918919
1309,11730.34888438134,12017.59229208925
1310,11656.255944055943,12408.297202797203
1311,11567.557863501484,12330.086053412462
1312,11520.719033232628,11791.432024169184
1313,11503.0,11775.410852713178
1314,11476.725409836066,11804.811475409837
1315,11306.328097731239,12059.085514834205
1316,10594.135593220339,13381.192372881356
1317,10556.066666666666,13356.0
1318,10316.52037617555,13380.57210031348
1319,10290.003846153846,13372.507692307692
1320,10238.64,13401.896
1321,11697.578703703704,14876.319444444445
1322,11615.154081632652,14581.42551020408
1323,11489.927194860813,13545.715203426123
1324,11391.026845637583,13573.936241610738
1325,11381.077181208053,13630.063758389262
1326,11367.05787037037,14631.94212962963
1327,11248.172661870503,14596.093525179856
1328,11182.99358033749,13627.0298972854
1329,10906.231075697211,15083.996015936254
1330,10572.842894969108,14579.308914386584
1331,10539.842658092175,13788.671382636656
1332,10587.371693121693,14337.818783068784
1333,10594.905617977529,14645.658426966293
1334,10566.019801980197,14480.465346534653
1335,10532.715384615385,14469.211538461539
1336,10480.235668789808,14292.305732484076
1337,10154.276041666666,14935.208333333334
1338,11659.423987776929,16432.060351413293
1339,11585.963302752294,16421.275229357798
1340,11558.778540772531,16454.98497854077
1341,11470.65620641562,15855.283124128313
1342,11461.245997088792,16638.99708879185
1343,11435.426262626263,16531.493434343436
1344,11409.710912571793,15822.148053605615
1345,11355.496899801587,16705.336185515873
1346,11325.164841669133,16537.842852915062
1347,11225.74686716792,16557.398496240603
1348,11023.724489795919,16735.408163265307
1349,10980.223836427227,16697.725047080978
1350,10844.474576271186,15420.97175141243
1351,10597.389006342495,15216.803382663848
1352,10589.067346938775,16693.995918367345
1353,10569.341068917018,16629.834739803093
1354,10456.651937345425,15999.190931574609
1355,10439.72555410691,15388.482398956976
1356,10451.793918918918,15438.976351351352
1357,10405.54938271605,15409.035493827161
1358,10337.771528439784,15617.994280266921
1359,10342.917138445702,15428.184251158003
1360,10312.722912966252,16039.45648312611
1361,10269.126279863482,16089.883959044368
1362,10237.108474576271,16120.481355932203
1363,10211.55,16147.916666666666
1364,10191.498233215549,16404.553886925794
1365,13242.304118773947,15631.073754789271
1366,13223.745535714286,15308.580357142857
1367,13191.649664750958,15229.142001915709
1368,13079.41679873217,15904.016640253565
1369,13079.55462184874,15860.487394957983
1370,12702.955160744501,15746.321065989847
1371,12648.230616302188,15157.017892644135
1372,12574.076642335767,15124.828467153284
1373,12451.816266246553,15299.028948404884
1374,12441.963333333333,15459.59
1375,12415.925675675675,15448.344594594595
1376,12291.957575757577,15349.612121212122
1377,12184.16349809886,16257.186311787073
1378,12123.426211453745,16415.4218061674
1379,12041.091145833334,16528.64207175926
1380,11959.54574132492,15891.129863301787
1381,11820.376860119048,16634.72619047619
1382,11805.325536062379,15150.66081871345
1383,13391.237875288683,14382.4480369515
1384,13123.486376220311,14295.212152120064
1385,13072.759201658891,14613.641783307414
1386,13035.170816950633,14213.406727828746
1387,13032.211062590975,14835.505094614266
1388,12949.904761904761,14335.814285714285
1389,12938.406779661016,14402.610169491525
1390,12884.659776418477,14281.08078464459
1391,12772.005036807439,14205.303758233244
1392,12800.909498207886,14918.762544802867
1393,12782.054545454546,14556.443636363636
1394,12727.711375212224,14725.65025466893
1395,12691.228245363765,15049.203994293866
1396,12657.0,14654.0
1397,12585.941203632447,14552.433122979837
1398,12569.450847457627,14199.010169491525
1399,12529.698863636364,14460.34090909091
1400,12465.864682002706,14157.058728010825
1401,12462.131994261119,14481.95925394548
1402,12131.146082791653,14940.285323297981
1403,12100.44375,14773.42375
1404,12088.789699570816,13748.24034334764
1405,13075.8564665783,12322.027267562962
1406,13003.462226640158,11869.371769383697
1407,12836.63700234192,12374.782201405153
1408,12732.281302170284,13000.934056761269
1409,12624.602227144824,11894.49218703227
1410,12663.756874727193,12369.717590571803
1411,12640.85576923077,12357.509615384615
1412,12581.234756097561,12967.923780487805
1413,12515.024193548386,12026.95391705069
1414,12516.609649122807,12523.17543859649
1415,12517.987261146496,11983.025477707006
1416,12451.473997412679,11915.0468305304
1417,12439.375914836994,12514.601796407185
1418,12467.262548262548,11979.637065637065
1419,12409.973480662984,12438.433149171271
1420,12371.7973289597,12095.615745079662
1421,12362.439776415435,11925.551568698162
1422,12369.371428571429,12639.114285714286
1423,12346.108943089432,12659.569105691056
1424,12326.004459308808,12324.341137123745
1425,12272.14295257181,12425.155644622579
1426,12250.134196586227,12141.44359427114
1427,12229.683052090975,13018.657740278797
1428,12219.475040257648,12238.703703703704
1429,12206.450777202073,12118.300518134714
1430,12160.93595919524,11932.182771323322
1431,12154.396578538102,12096.961119751166
1432,12137.93652849741,11818.646373056994
1433,12115.506863921099,12191.683859789418
1434,12101.251428571428,13005.562751322752
1435,12085.875789473685,12818.17894736842
1436,11953.294199860238,11932.956673654788
1437,11858.458846403111,12469.421905379131
1438,11810.728177641653,12367.267993874426
1439,13431.994858611824,11080.023136246786
1440,13308.911243293678,11064.621646839281
1441,13247.873828647926,10931.494310575636
1442,13252.598039215687,10883.78431372549
1443,13201.87513525211,11105.49152420111
1444,13131.028985507246,10961.45652173913
1445,13112.533980582524,10951.941747572815
1446,12946.557358564565,10915.082262966958
1447,13009.87067395264,11242.100182149363
1448,12899.704844831436,11218.014288903772
1449,12949.323529411764,11292.642156862745
1450,12883.94512386328,10588.193164001254
1451,12759.046903368973,11413.862164615695
1452,12778.538657820873,11202.545547333504
1453,12695.69648241206,10941.924623115578
1454,12588.913653089709,11585.576132470498
1455,12505.846441239064,11353.202459210215
1456,12590.339597315437,11100.296644295302
1457,12525.04745308311,10666.553351206434
1458,12455.458446866485,11043.36148955495
1459,12334.21028681743,10373.38803088803
1460,12306.862632353972,11637.787672673725
1461,12335.119999999999,10466.808
1462,12309.164305949009,11182.626062322946
1463,12300.76772616137,10277.078239608802
1464,12303.98319327731,11213.546218487394
1465,12256.072115384615,11176.864510489511
1466,12281.044642857143,10354.86607142857
1467,12242.380701754386,10194.268421052631
1468,12218.353596757852,10606.313069908814
1469,12200.587254454089,10141.394243947008
1470,12228.713043478261,11122.669565217391
1471,12222.318181818182,11082.5
1472,12177.326291079811,10528.661971830987
1473,12202.922413793103,10692.230603448275
1474,12206.982300884956,10721.964601769912
1475,12182.883826879272,11221.797266514806
1476,12161.588720770289,10350.354883081156
1477,12132.934326602626,11344.027641638895
1478,12162.295454545454,11176.219696969696
1479,12154.702290076337,10630.167938931298
1480,12130.400881057269,10130.36563876652
1481,12086.418271383789,10093.367218987909
1482,12051.72465034965,10296.843968531468
1483,11989.359317904993,10218.88185140073
1484,11987.480272108844,10294.71156462585
1485,11961.613526570049,10275.719806763285
1486,11911.243667068757,10296.848733413752
1487,11930.226666666667,11430.36
1488,11876.59784801614,11237.579690652321
1489,11869.855483430134,10138.995558592416
1490,11809.753943217665,10350.372239747634
1491,11810.008583690988,10252.533619456366
1492,11803.359046283309,10183.80925666199
1493,11796.896428571428,11190.764285714286
1494,13223.559331476323,9660.699535747446
1495,13122.828320802006,9649.20426065163
1496,12357.829223744293,9464.98904109589
1497,12331.315789473683,9470.921052631578
1498,12284.99658031088,9062.66487046632
1499,12268.326853783425,9328.342878816613
1500,12284.553910614526,8844.182402234637
1501,12223.670284938942,9111.449118046134
1502,12203.152866242039,9017.031847133758
1503,12170.146907216495,9051.323453608247
1504,12155.214111922141,9091.021897810218
1505,12147.849616858237,9608.298850574713
1506,12147.010438413361,8867.129436325678
1507,12081.907092907093,9407.46928071928
1508,12075.331257783313,9271.016189290161
1509,11996.882257189365,8761.346717308736
1510,11977.702724042638,9511.361626529806
1511,11975.684,9235.588
1512,11949.04248366013,9253.408496732027
1513,11936.398620689655,9701.735172413793
1514,11935.75,9450.75
1515,11850.525555258228,8839.057265185978
1516,11904.31313131313,9510.885521885522
1517,11874.029535864978,8425.51476793249
1518,11852.236900369004,9986.205904059041
1519,11823.247904191616,9949.126946107785
1520,11809.851571594878,9331.554132712456
1521,13061.755182625864,7610.136229022704
1522,12772.207317073171,7528.548780487805
1523,12696.800594582692,7616.934816119798
1524,12578.389395194697,7216.498342999172
1525,12529.829357798166,7504.862385321101
1526,12506.754874651811,7623.103064066852
1527,12358.592853275582,7533.971846237141
1528,12362.605504587156,7475.48623853211
1529,12302.32974559687,7691.057077625571
1530,12207.688018979834,7566.327402135232
1531,12137.947149263293,6826.342088404868
1532,12025.073170731706,7435.719263315083
1533,12045.879310344828,7471.577586206897
1534,12024.254196642685,6839.110311750599
1535,11983.492728330424,8243.38219895288
1536,13361.86252969121,6030.986935866983
1537,13105.2109375,5619.05078125
1538,13060.121495327103,6181.822429906542
1539,13021.01381509033,5210.232731137088
1540,12933.648648648648,6260.4842342342345
1541,12910.747252747253,5128.849450549451
1542,12863.959302325582,5063.078488372093
1543,12591.975409836066,6189.696721311475
1544,12581.79640718563,6142.359281437126
1545,12556.266903914591,6608.935943060498
1546,12557.987577639751,6129.596273291925
1547,12522.611275964391,6253.506231454006
1548,12521.828025477707,6465.87898089172
1549,12458.678076128652,6431.667748598406
1550,12442.238713667284,5562.239332096475
1551,12395.929912721502,6570.514149695848
1552,12384.843575418994,6635.871508379888
1553,12377.708333333334,5067.239583333333
1554,12351.681597611048,5571.627846211273
1555,12198.399734982333,6354.741607773852
1556,12159.010790812394,5894.687528903962
1557,12125.859820204176,5609.24836202956
1558,12016.93953488372,5600.260465116279
1559,11843.730434782608,5928.602173913044
1560,13175.132450331126,4720.812362030905
1561,13141.605263157895,4687.906698564593
1562,12914.125117297466,4583.408195182984
1563,12921.921023359288,4300.372080088988
1564,12655.426592797783,4679.157894736842
1565,12572.879581151832,3978.387434554974
1566,12498.28486055777,5001.083665338645
1567,12442.328512396694,4799.171487603306
1568,12430.05,4845.825
1569,12399.788546255506,4973.823788546255
1570,12238.203364146082,4817.366873768753
1571,12137.723209751142,4651.524123920772
1572,12008.69246031746,4709.238095238095
1573,11983.27731092437,3721.5672268907565
1574,11892.076363636363,4274.585454545455
1575,11875.730870712401,3977.55672823219
1576,11876.0625,3702.45625
1577,11866.375757575757,4262.909090909091
1578,11816.777821316615,4699.384404388715
1579,13367.2109375,2349.234375
1580,13324.382556987115,2312.159563924678
1581,13167.633823002509,2207.076316732354
1582,13134.92,2200.91
1583,13046.98905109489,2080.7627737226276
1584,12902.86799587487,1803.6847713991062
1585,12794.159217877095,1726.9748603351954
1586,12699.825149700599,1786.9859281437125
1587,11908.95497185741,3152.953095684803
1588,11870.009831460675,2896.0941011235955
1589,12781.990566037735,1353.6603773584907
1590,12625.394117647058,1544.7529411764706
1591,12588.8961352657,1209.1171497584542
1592,12599.099290780141,1236.22695035461
1593,12563.960923623446,1127.199378330373
1594,12455.868882733148,953.2982456140351
1595,12432.133891213389,1469.6820083682007
1596,12406.95081967213,749.1475409836065
1597,12367.172932330826,410.36842105263156
1598,12326.966701902747,1201.429175475687
1599,12258.515370705245,413.374321880651
1600,12085.220430107527,8.93010752688172
1601,12060.597864768682,101.22775800711744
1602,12028.135593220339,141.46610169491527
1603,14538.606557377048,1104.2581967213114
1604,14498.74,1015.1242105263158
1605,14513.959677419354,1087.024193548387
1606,14388.969642857142,1112.5035714285714
1607,14320.369075369075,1204.9071484071485
1608,14346.213793103449,1447.751724137931
1609,14319.129830917875,1408.7252415458938
1610,14137.818797679593,979.3571002860775
1611,14062.333410005751,599.8692926969522
1612,14100.31111111111,1455.0296296296297
1613,14055.28971962617,441.33644859813086
1614,14045.230046948356,212.11424100156495
1615,13976.716701902747,460.3275546159267
1616,13947.146298839096,1015.8583198102609
1617,13952.778222869629,1149.6361981063365
1618,13960.22641509434,826.6415094339623
1619,13887.482142857143,1131.3035714285713
1620,13835.327151175328,101.8419236575372
1621,13849.22634730539,404.9455089820359
1622,13762.204114655571,673.0488904299584
1623,13788.436147941382,882.3726448011165
1624,13758.179540709812,317.2390396659708
1625,13624.943418701609,957.9011316259679
1626,14681.95496991077,2832.4318323303587
1627,14619.71279373368,2120.728459530026
1628,14590.315284653465,2394.5788985148515
1629,14570.680817610062,2099.6540880503144
1630,14496.811877789221,1984.8831674104588
1631,14503.562291805463,2114.83344437042
1632,14479.589565217391,1708.776347826087
1633,14504.383259911894,2082.819383259912
1634,14374.503457359237,1916.3997365821535
1635,14360.463560645498,3809.445861530453
1636,13741.581274959326,6284.381008726519
1637,14308.390516039051,7320.845188284518
1638,14201.227249618709,7276.660396542959
1639,15002.386013986013,9397.131934731935
1640,14916.479006163328,8839.233050847457
1641,14834.977415171817,9058.389993516317
1642,14874.298648648648,9271.522972972973
1643,14867.539393939394,8448.357575757576
1644,14808.166666666666,8904.753623188406
1645,14699.985517361716,8821.48368522073
1646,14728.38904109589,8567.161643835616
1647,14052.950413223141,9771.446280991735
1648,14240.355029585799,11666.68047337278
1649,14170.958293838863,11676.336966824645
1650,13802.15987085974,11399.50053808442
1651,13780.982147917257,11310.502691980731
1652,13722.634970393592,11186.06652734239
1653,13536.024839400428,11400.128479657387
1654,13475.55900621118,11092.006211180124
1655,14314.326475849732,13399.653846153846
1656,13524.110738255033,12568.919463087248
1657,13492.045901639343,12036.496721311476
1658,13495.368932038835,12645.11650485437
1659,14916.009906152241,14854.81126173097
1660,14833.645858343338,14733.570528211285
1661,14873.086330935252,14772.877697841726
1662,14803.906727828746,14826.7874617737
1663,14657.385953087085,14903.616338635751
1664,14713.540133779265,14974.26254180602
1665,14678.896802325582,14782.212209302326
1666,14603.304369663485,14793.627574083375
1667,14567.417085427136,14845.386934673366
1668,14528.738428417653,14885.660925726588
1669,14407.719576719577,13491.20634920635
1670,14269.129728289825,13467.1094832179
1671,14162.935483870968,13673.13440860215
1672,14131.779475982532,13675.436681222707
1673,14079.630303030302,13668.006060606062
1674,13909.645746164575,14851.340771734078
1675,13876.86923076923,14803.761538461538
1676,13760.425650557621,14642.17936802974
1677,13698.503282275711,14555.345733041575
1678,15109.349117920148,15660.883008356546
1679,15034.798165137614,16579.54128440367
1680,14827.536674816625,15933.540831295844
1681,14844.58762886598,16407.97790868925
1682,14788.67445938048,16400.212156633548
1683,14716.960317460318,16431.007936507936
1684,14677.057428214732,16595.856429463172
1685,14673.15064102564,15773.291666666666
1686,14474.6875,16465.802083333332
1687,14316.76247929974,16416.243435060325
1688,14230.704977375566,16388.05972850679
1689,14030.054421768707,16552.73015873016
1690,14003.361259338313,16665.863927427963
1691,13975.982658959538,16712.768786127166
1692,13507.684523809523,16761.446428571428
